Category,date,Document
Community,24-09-24,1
Community,24-09-25,3
Community,24-09-26,3
Community,24-09-27,4
Community,24-09-28,5
Community,24-09-29,3
Community,24-09-30,1
Community,24-10-01,12
Community,24-10-02,11
Community,24-10-03,3
Community,24-10-04,12
Community,24-10-05,9
Community,24-10-06,3
Community,24-10-07,13
Community,24-10-08,15
Community,24-10-09,14
Community,24-10-10,7
Community,24-10-11,12
Community,24-10-12,6
Community,24-10-13,4
Community,24-10-14,12
Community,24-10-15,6
Community,24-10-16,13
Community,24-10-17,7
Community,24-10-18,7
Community,24-10-19,10
Community,24-10-20,12
Community,24-10-21,8
Community,24-10-22,6
Community,24-10-23,10
Disaster,24-09-23,1
Disaster,24-09-24,1
Disaster,24-09-25,4
Disaster,24-09-26,15
Disaster,24-09-27,20
Disaster,24-09-28,16
Disaster,24-09-29,10
Disaster,24-09-30,21
Disaster,24-10-01,22
Disaster,24-10-02,33
Disaster,24-10-03,28
Disaster,24-10-04,22
Disaster,24-10-05,10
Disaster,24-10-06,18
Disaster,24-10-07,15
Disaster,24-10-08,17
Disaster,24-10-09,26
Disaster,24-10-10,16
Disaster,24-10-11,20
Disaster,24-10-12,13
Disaster,24-10-13,18
Disaster,24-10-14,15
Disaster,24-10-15,20
Disaster,24-10-16,16
Disaster,24-10-17,6
Disaster,24-10-18,16
Disaster,24-10-19,9
Disaster,24-10-20,4
Disaster,24-10-21,9
Disaster,24-10-22,8
Disaster,24-10-23,9
Disaster Recovery,24-09-25,1
Disaster Recovery,24-09-28,1
Disaster Recovery,24-09-29,7
Disaster Recovery,24-09-30,8
Disaster Recovery,24-10-01,12
Disaster Recovery,24-10-02,13
Disaster Recovery,24-10-03,11
Disaster Recovery,24-10-04,20
Disaster Recovery,24-10-05,8
Disaster Recovery,24-10-06,8
Disaster Recovery,24-10-07,8
Disaster Recovery,24-10-08,5
Disaster Recovery,24-10-09,24
Disaster Recovery,24-10-10,8
Disaster Recovery,24-10-11,10
Disaster Recovery,24-10-12,11
Disaster Recovery,24-10-13,7
Disaster Recovery,24-10-14,8
Disaster Recovery,24-10-15,9
Disaster Recovery,24-10-16,18
Disaster Recovery,24-10-17,14
Disaster Recovery,24-10-18,12
Disaster Recovery,24-10-19,10
Disaster Recovery,24-10-20,7
Disaster Recovery,24-10-21,6
Disaster Recovery,24-10-22,4
Disaster Recovery,24-10-23,8
Politics,24-09-25,1
Politics,24-09-27,1
Politics,24-09-29,4
Politics,24-09-30,2
Politics,24-10-01,3
Politics,24-10-02,9
Politics,24-10-03,5
Politics,24-10-04,5
Politics,24-10-06,2
Politics,24-10-07,5
Politics,24-10-08,1
Politics,24-10-09,4
Politics,24-10-10,5
Politics,24-10-11,12
Politics,24-10-12,4
Politics,24-10-13,4
Politics,24-10-14,3
Politics,24-10-15,10
Politics,24-10-16,13
Politics,24-10-17,9
Politics,24-10-18,5
Politics,24-10-19,4
Politics,24-10-20,5
Politics,24-10-21,7
Politics,24-10-22,4
Politics,24-10-23,6
Shelters and supplies,24-09-26,2
Shelters and supplies,24-09-27,3
Shelters and supplies,24-09-29,1
Shelters and supplies,24-09-30,7
Shelters and supplies,24-10-01,11
Shelters and supplies,24-10-02,11
Shelters and supplies,24-10-03,12
Shelters and supplies,24-10-04,13
Shelters and supplies,24-10-05,3
Shelters and supplies,24-10-06,1
Shelters and supplies,24-10-07,9
Shelters and supplies,24-10-08,10
Shelters and supplies,24-10-09,11
Shelters and supplies,24-10-10,11
Shelters and supplies,24-10-11,7
Shelters and supplies,24-10-12,6
Shelters and supplies,24-10-13,1
Shelters and supplies,24-10-14,2
Shelters and supplies,24-10-15,7
Shelters and supplies,24-10-16,7
Shelters and supplies,24-10-17,3
Shelters and supplies,24-10-18,5
Shelters and supplies,24-10-19,6
Shelters and supplies,24-10-20,2
Shelters and supplies,24-10-22,4
Shelters and supplies,24-10-23,12
Sports,24-09-24,1
Sports,24-09-25,1
Sports,24-09-26,3
Sports,24-09-27,2
Sports,24-09-28,1
Sports,24-09-29,3
Sports,24-09-30,5
Sports,24-10-01,9
Sports,24-10-02,7
Sports,24-10-03,4
Sports,24-10-04,6
Sports,24-10-05,3
Sports,24-10-07,3
Sports,24-10-08,5
Sports,24-10-09,18
Sports,24-10-10,18
Sports,24-10-11,6
Sports,24-10-12,6
Sports,24-10-13,4
Sports,24-10-14,12
Sports,24-10-15,13
Sports,24-10-16,8
Sports,24-10-17,4
Sports,24-10-18,6
Sports,24-10-19,4
Sports,24-10-20,4
Sports,24-10-21,3
Sports,24-10-22,4
Sports,24-10-23,9
Transportation,24-09-25,3
Transportation,24-09-26,3
Transportation,24-09-29,4
Transportation,24-09-30,2
Transportation,24-10-01,2
Transportation,24-10-02,10
Transportation,24-10-03,6
Transportation,24-10-04,4
Transportation,24-10-05,7
Transportation,24-10-06,2
Transportation,24-10-07,6
Transportation,24-10-08,5
Transportation,24-10-09,8
Transportation,24-10-10,2
Transportation,24-10-11,6
Transportation,24-10-12,4
Transportation,24-10-13,5
Transportation,24-10-14,3
Transportation,24-10-15,3
Transportation,24-10-16,3
Transportation,24-10-17,5
Transportation,24-10-18,7
Transportation,24-10-19,3
Transportation,24-10-20,1
Transportation,24-10-21,3
Transportation,24-10-22,1
Transportation,24-10-23,5
